algo,job_id,worker_id,task_id,arrival_time,end_time,duration,done
RANDOM,0,1,0_M0,1606835981.113287,1606835982.114622,0,True
RANDOM,0,3,0_M2,1606835981.217191,1606835983.219257,0,True
RANDOM,1,1,1_M0,1606835982.525255,1606835983.526536,0,True
RANDOM,2,1,2_M2,1606835982.775985,1606835984.778579,0,True
RANDOM,2,2,2_M3,1606835982.827761,1606835984.829438,0,True
RANDOM,3,3,3_M0,1606835982.905347,1606835984.907249,0,True
RANDOM,0,1,0_M1,1606835981.165216,1606835985.166229,0,True
RANDOM,1,1,1_M1,1606835982.576697,1606835985.57936,0,True
RANDOM,3,2,3_M1,1606835982.957276,1606835985.959314,0,True
RANDOM,2,1,2_M0,1606835982.671919,1606835986.675314,0,True
RANDOM,5,2,5_M1,1606835985.715692,1606835986.717102,0,True
RANDOM,2,1,2_M1,1606835982.723766,1606835986.727325,0,True
RANDOM,5,1,5_M2,1606835985.767369,1606835986.768693,0,True
RANDOM,2,2,2_R0,1606835986.873947,1606835987.875269,0,True
RANDOM,3,3,3_R0,1606835986.053181,1606835988.055244,0,True
RANDOM,0,2,0_R1,1606835985.266063,1606835988.267556,0,True
RANDOM,4,3,4_M0,1606835985.360719,1606835988.363248,0,True
RANDOM,6,2,6_M0,1606835987.502648,1606835988.503297,0,True
RANDOM,6,3,6_M1,1606835987.554522,1606835988.555279,0,True
RANDOM,5,1,5_M0,1606835985.669514,1606835988.67125,0,True
RANDOM,0,2,0_R0,1606835985.265559,1606835989.267247,0,True
RANDOM,6,1,6_M2,1606835987.606363,1606835989.607248,0,True
RANDOM,6,1,6_M3,1606835987.658384,1606835989.660543,0,True
RANDOM,1,1,1_R0,1606835985.669091,1606835989.671257,0,True
RANDOM,4,3,4_R0,1606835988.504162,1606835990.506483,0,True
RANDOM,8,1,8_M0,1606835988.857414,1606835990.859256,0,True
RANDOM,7,1,7_M0,1606835988.357701,1606835991.359501,0,True
RANDOM,7,2,7_M1,1606835988.415502,1606835991.416053,0,True
RANDOM,5,3,5_R0,1606835988.769898,1606835991.771317,0,True
RANDOM,6,1,6_R1,1606835989.878036,1606835992.881242,0,True
RANDOM,7,2,7_R0,1606835991.561832,1606835993.563452,0,True
RANDOM,9,3,9_M0,1606835989.691739,1606835993.69526,0,True
RANDOM,9,1,9_M1,1606835989.846063,1606835993.847592,0,True
RANDOM,6,1,6_R0,1606835989.877696,1606835993.879283,0,True
RANDOM,8,2,8_R0,1606835990.958627,1606835993.959321,0,True
RANDOM,8,2,8_R1,1606835990.959003,1606835994.959278,0,True
RANDOM,9,3,9_R1,1606835993.938032,1606835996.939264,0,True
RANDOM,9,2,9_R0,1606835993.937641,1606835996.94087,0,True
RR,3,1,3_M0,1606837234.490693,1606837235.491246,0,True
RR,0,1,0_M0,1606837233.73677,1606837235.739125,0,True
RR,2,1,2_M1,1606837233.813544,1606837235.815259,0,True
RR,2,2,2_M2,1606837233.813974,1606837235.815258,0,True
RR,2,3,2_M3,1606837233.814348,1606837235.816917,0,True
RR,2,3,2_M0,1606837233.813123,1606837236.815247,0,True
RR,3,2,3_M1,1606837234.542149,1606837237.543277,0,True
RR,1,2,1_M0,1606837233.796727,1606837237.799302,0,True
RR,2,3,2_R0,1606837236.878315,1606837237.879283,0,True
RR,3,3,3_M2,1606837234.593814,1606837238.598327,0,True
RR,0,2,0_R0,1606837235.812389,1606837238.815285,0,True
RR,4,1,4_M0,1606837235.265547,1606837239.267477,0,True
RR,5,2,5_M1,1606837238.785056,1606837239.786519,0,True
RR,3,3,3_R0,1606837238.666701,1606837240.667257,0,True
RR,5,1,5_M0,1606837238.732988,1606837240.735259,0,True
RR,1,2,1_R1,1606837237.838671,1606837240.839286,0,True
RR,6,1,6_M0,1606837240.109213,1606837241.110538,0,True
RR,6,2,6_M1,1606837240.161036,1606837241.162352,0,True
RR,1,1,1_R0,1606837237.838318,1606837241.839283,0,True
RR,4,3,4_R0,1606837239.366615,1606837242.367462,0,True
RR,5,1,5_R1,1606837241.066927,1606837243.067278,0,True
RR,7,2,7_M1,1606837240.916532,1606837243.919292,0,True
RR,6,3,6_M2,1606837240.212854,1606837244.217126,0,True
RR,8,2,8_M0,1606837243.238015,1606837244.239259,0,True
RR,9,1,9_M0,1606837243.541567,1606837244.54232,0,True
RR,7,1,7_M0,1606837240.782369,1606837244.786693,0,True
RR,5,3,5_R0,1606837241.0666,1606837245.067248,0,True
RR,8,3,8_M1,1606837243.28988,1606837246.291273,0,True
RR,9,1,9_M2,1606837243.645635,1606837246.64746,0,True
RR,6,2,6_R0,1606837244.305197,1606837247.307493,0,True
RR,9,2,9_M1,1606837243.593397,1606837247.595253,0,True
RR,7,3,7_R0,1606837244.880774,1606837247.883836,0,True
RR,8,1,8_R0,1606837246.323153,1606837248.325462,0,True
RR,9,3,9_R0,1606837247.694347,1606837248.695634,0,True
RR,8,2,8_R1,1606837246.323153,1606837249.326508,0,True
RR,9,1,9_R1,1606837247.694526,1606837251.695283,0,True
LL,0,1,0_M0,1606837286.608816,1606837288.611239,0,True
LL,0,1,0_M1,1606837286.660679,1606837288.661512,0,True
LL,2,1,2_M0,1606837288.732654,1606837290.735048,0,True
LL,0,1,0_R0,1606837288.73348,1606837290.735304,0,True
LL,1,1,1_M0,1606837287.795968,1606837290.799318,0,True
LL,1,2,1_M1,1606837287.847723,1606837290.851118,0,True
LL,3,1,3_M1,1606837290.169889,1606837291.171328,0,True
LL,2,1,2_M1,1606837288.743583,1606837291.746969,0,True
LL,1,2,1_R0,1606837291.249341,1606837292.250735,0,True
LL,5,1,5_M0,1606837291.901858,1606837292.903272,0,True
LL,3,2,3_M0,1606837290.133424,1606837293.135292,0,True
LL,4,1,4_M3,1606837291.161599,1606837293.163261,0,True
LL,7,3,7_M0,1606837292.602741,1606837293.603251,0,True
LL,5,1,5_R0,1606837292.997172,1606837293.998561,0,True
LL,3,2,3_M2,1606837290.211824,1606837294.216278,0,True
LL,1,1,1_R1,1606837291.250225,1606837294.251254,0,True
LL,4,1,4_M0,1606837290.886647,1606837294.88725,0,True
LL,4,1,4_M1,1606837290.980079,1606837294.983308,0,True
LL,4,3,4_M2,1606837291.088724,1606837295.091463,0,True
LL,6,2,6_M1,1606837292.54022,1606837295.543251,0,True
LL,2,1,2_R0,1606837291.845916,1606837295.847308,0,True
LL,6,2,6_M0,1606837292.488435,1606837296.491475,0,True
LL,7,1,7_M1,1606837292.654702,1606837296.655382,0,True
LL,4,1,4_R0,1606837295.211281,1606837297.213573,0,True
LL,3,2,3_R0,1606837294.315625,1606837297.318951,0,True
LL,8,1,8_M1,1606837294.768816,1606837297.771252,0,True
LL,8,1,8_M0,1606837294.717288,1606837298.719451,0,True
LL,9,2,9_M0,1606837294.890089,1606837298.894355,0,True
LL,6,1,6_R0,1606837296.574994,1606837299.578335,0,True
LL,7,1,7_R0,1606837296.733597,1606837299.735476,0,True
LL,9,2,9_R0,1606837298.99337,1606837300.995412,0,True
LL,8,1,8_R0,1606837298.782866,1606837302.785874,0,True
LL,0,1,0_M1,1606837331.531936,1606837332.532394,0,True
LL,2,1,2_M2,1606837332.870492,1606837333.871906,0,True
LL,3,3,3_M0,1606837333.247885,1606837334.249327,0,True
LL,2,1,2_M0,1606837332.767122,1606837334.7695,0,True
LL,1,2,1_M1,1606837332.33854,1606837335.339254,0,True
LL,0,1,0_M0,1606837331.479986,1606837335.483468,0,True
LL,2,2,2_M1,1606837332.818758,1606837335.819286,0,True
LL,2,2,2_M3,1606837332.922577,1606837335.923254,0,True
LL,1,1,1_M0,1606837332.28639,1606837336.287293,0,True
LL,3,3,3_R0,1606837334.343211,1606837336.345614,0,True
LL,1,1,1_M2,1606837332.3855,1606837336.389812,0,True
LL,0,1,0_R0,1606837335.582969,1606837337.585487,0,True
LL,0,1,0_R1,1606837335.583568,1606837337.585902,0,True
LL,1,1,1_R0,1606837336.604694,1606837337.605995,0,True
LL,4,1,4_M0,1606837333.997746,1606837338.000239,0,True
LL,2,2,2_R0,1606837336.017223,1606837338.01926,0,True
LL,4,1,4_M1,1606837334.049519,1606837338.051262,0,True
LL,4,2,4_M2,1606837334.101574,1606837338.104869,0,True
LL,4,1,4_R0,1606837338.472153,1606837339.473474,0,True
LL,5,1,5_M0,1606837339.227532,1606837340.229107,0,True
LL,1,2,1_R1,1606837336.604841,1606837340.607527,0,True
LL,6,2,6_M2,1606837339.619782,1606837340.621085,0,True
LL,5,1,5_M2,1606837339.330489,1606837341.331444,0,True
LL,8,2,8_M1,1606837341.044191,1606837342.045448,0,True
LL,5,1,5_M1,1606837339.279512,1606837342.282861,0,True
LL,5,2,5_M3,1606837339.382129,1606837342.383276,0,True
LL,8,2,8_M0,1606837340.991342,1606837342.991858,0,True
LL,7,1,7_M0,1606837340.105546,1606837343.107318,0,True
LL,6,1,6_M0,1606837339.536966,1606837343.53938,0,True
LL,6,1,6_M1,1606837339.568047,1606837343.5724,0,True
LL,6,3,6_M3,1606837339.671861,1606837343.675292,0,True
LL,8,1,8_R1,1606837343.090786,1606837344.092107,0,True
LL,8,2,8_R0,1606837343.090802,1606837345.09128,0,True
LL,5,2,5_R1,1606837342.482536,1606837346.483241,0,True
LL,5,1,5_R0,1606837342.482312,1606837346.486651,0,True
LL,6,1,6_R0,1606837343.789291,1606837346.791494,0,True
LL,7,1,7_R0,1606837343.181804,1606837347.183289,0,True
LL,9,1,9_M1,1606837346.943327,1606837347.944023,0,True
LL,9,2,9_M2,1606837347.12313,1606837348.124448,0,True
LL,9,1,9_M0,1606837346.870198,1606837349.87126,0,True
LL,9,1,9_R1,1606837349.970222,1606837351.972428,0,True
LL,9,1,9_R0,1606837349.969862,1606837353.974128,0,True
RANDOM,0,1,0_M0,1606896559.560532,1606896560.562114,0,True
RANDOM,0,2,0_M3,1606896559.719665,1606896561.720447,0,True
RANDOM,1,3,1_M0,1606896561.295309,1606896562.297279,0,True
RANDOM,1,3,1_M2,1606896561.395885,1606896562.397511,0,True
RANDOM,0,3,0_M2,1606896559.667378,1606896562.670938,0,True
RANDOM,0,2,0_M1,1606896559.615122,1606896563.619827,0,True
RANDOM,0,3,0_R1,1606896563.706474,1606896564.707859,0,True
RANDOM,2,2,2_M0,1606896561.794249,1606896564.796224,0,True
RANDOM,2,2,2_M1,1606896561.910278,1606896564.912077,0,True
RANDOM,1,2,1_M1,1606896561.347948,1606896565.352597,0,True
RANDOM,0,3,0_R0,1606896563.705715,1606896565.708295,0,True
RANDOM,1,2,1_R0,1606896565.453734,1606896567.456404,0,True
RANDOM,1,2,1_R1,1606896565.454584,1606896567.456076,0,True
RANDOM,2,3,2_R0,1606896564.992812,1606896567.996043,0,True
RANDOM,3,1,3_M1,1606896567.786109,1606896569.78856,0,True
RANDOM,3,2,3_M2,1606896567.83884,1606896570.842312,0,True
RANDOM,3,1,3_M0,1606896567.733362,1606896571.737826,0,True
RANDOM,4,1,4_M0,1606896568.968758,1606896572.973479,0,True
RANDOM,4,1,4_R0,1606896573.038458,1606896574.03987,0,True
RANDOM,3,2,3_R1,1606896571.777287,1606896575.781843,0,True
RANDOM,3,3,3_R0,1606896571.777215,1606896575.782191,0,True
RANDOM,4,3,4_R1,1606896573.038663,1606896577.042973,0,True
LL,0,1,0_M1,1606896936.379445,1606896937.381014,0,True
LL,0,1,0_M2,1606896936.432169,1606896939.436022,0,True
LL,0,1,0_M0,1606896936.32705,1606896940.331564,0,True
LL,5,3,5_M1,1606896939.896939,1606896940.898746,0,True
LL,1,2,1_M1,1606896938.003198,1606896941.00683,0,True
LL,3,1,3_M0,1606896938.750613,1606896941.752078,0,True
LL,1,1,1_M0,1606896937.951059,1606896941.955477,0,True
LL,0,1,0_R0,1606896940.348957,1606896942.351488,0,True
LL,2,1,2_M0,1606896938.632622,1606896942.637274,0,True
LL,2,2,2_M1,1606896938.681043,1606896942.684014,0,True
LL,5,1,5_M0,1606896939.849378,1606896942.852156,0,True
LL,5,1,5_M2,1606896939.950133,1606896942.952039,0,True
LL,1,1,1_R1,1606896942.052025,1606896943.053389,0,True
LL,4,2,4_M0,1606896939.426941,1606896943.431598,0,True
LL,3,2,3_R0,1606896941.827952,1606896943.830625,0,True
LL,3,3,3_R1,1606896941.828197,1606896943.830748,0,True
LL,7,1,7_M0,1606896943.031874,1606896944.033758,0,True
LL,1,1,1_R0,1606896942.051507,1606896944.052273,0,True
LL,6,1,6_M0,1606896942.818432,1606896944.820028,0,True
LL,8,2,8_M2,1606896943.691615,1606896945.694516,0,True
LL,2,2,2_R0,1606896942.818881,1606896945.82224,0,True
LL,6,1,6_M1,1606896942.835269,1606896945.838658,0,True
LL,7,1,7_R1,1606896944.139194,1606896946.140056,0,True
LL,4,2,4_R1,1606896943.480822,1606896946.484328,0,True
LL,8,3,8_M0,1606896943.6009,1606896946.604411,0,True
LL,8,3,8_M3,1606896943.739179,1606896946.74267,0,True
LL,6,2,6_M2,1606896942.893379,1606896946.898101,0,True
LL,7,1,7_R0,1606896944.138642,1606896947.140014,0,True
LL,5,1,5_R0,1606896943.183705,1606896947.18803,0,True
LL,9,1,9_M2,1606896946.261539,1606896947.263033,0,True
LL,4,1,4_R0,1606896943.480526,1606896947.484027,0,True
LL,8,1,8_M1,1606896943.654107,1606896947.658523,0,True
LL,9,2,9_M0,1606896946.127857,1606896948.130715,0,True
LL,9,1,9_M1,1606896946.207866,1606896948.210508,0,True
LL,8,1,8_R0,1606896947.784283,1606896950.787816,0,True
LL,6,2,6_R0,1606896946.999484,1606896951.003926,0,True
LL,9,1,9_R0,1606896948.326399,1606896951.329882,0,True
RR,0,1,0_M0,1606897051.150534,1606897052.152028,0,True
RR,1,3,1_M0,1606897052.025292,1606897054.028083,0,True
RR,1,2,1_M2,1606897052.125872,1606897054.128811,0,True
RR,0,2,0_M1,1606897051.202722,1606897054.204083,0,True
RR,2,1,2_M1,1606897053.259376,1606897054.260089,0,True
RR,1,1,1_M1,1606897052.073394,1606897055.077336,0,True
RR,2,3,2_M0,1606897053.206869,1606897056.210479,0,True
RR,3,3,3_M0,1606897054.743415,1606897056.745802,0,True
RR,1,2,1_R0,1606897055.14176,1606897057.144294,0,True
RR,0,1,0_R0,1606897054.244537,1606897057.24803,0,True
RR,2,2,2_M2,1606897053.312398,1606897057.316262,0,True
RR,2,3,2_M3,1606897053.365691,1606897057.368294,0,True
RR,3,2,3_M2,1606897054.839334,1606897057.842721,0,True
RR,3,1,3_M3,1606897054.891706,1606897057.895335,0,True
RR,5,2,5_M0,1606897057.214663,1606897058.216091,0,True
RR,0,2,0_R1,1606897054.245135,1606897058.249758,0,True
RR,5,3,5_M1,1606897057.367093,1606897058.368535,0,True
RR,4,1,4_M0,1606897055.49611,1606897058.499606,0,True
RR,3,1,3_M1,1606897054.786045,1606897058.790518,0,True
RR,3,3,3_R1,1606897058.886571,1606897059.887966,0,True
RR,6,2,6_M1,1606897059.173364,1606897060.1751,0,True
RR,5,3,5_R0,1606897058.570995,1606897060.572075,0,True
RR,2,1,2_R0,1606897057.59678,1606897060.60008,0,True
RR,2,2,2_R1,1606897057.596861,1606897061.60008,0,True
RR,4,1,4_R0,1606897058.610858,1606897061.613572,0,True
RR,7,2,7_M2,1606897060.853171,1606897061.855016,0,True
RR,3,2,3_R0,1606897058.88633,1606897061.888089,0,True
RR,6,1,6_M0,1606897059.125572,1606897062.128054,0,True
RR,8,1,8_M1,1606897061.625441,1606897063.627872,0,True
RR,7,3,7_M0,1606897060.826066,1606897063.829487,0,True
RR,7,1,7_M1,1606897060.854207,1606897063.856369,0,True
RR,9,1,9_M2,1606897064.162094,1606897065.163544,0,True
RR,6,3,6_R1,1606897062.366621,1606897065.369953,0,True
RR,8,3,8_M0,1606897061.597974,1606897065.600072,0,True
RR,6,2,6_R0,1606897062.366552,1606897066.371044,0,True
RR,7,1,7_R0,1606897063.994318,1606897066.998543,0,True
RR,9,2,9_M3,1606897064.215088,1606897067.218821,0,True
RR,9,2,9_M0,1606897064.060965,1606897068.066065,0,True
RR,9,3,9_M1,1606897064.108864,1606897068.112033,0,True
RR,9,1,9_R0,1606897068.205508,1606897069.207027,0,True
RR,8,3,8_R0,1606897065.675725,1606897069.680251,0,True
RANDOM,1,1,1_M0,1607068274.511054,1607068276.513146,0,True
RANDOM,1,1,1_M2,1607068274.611095,1607068276.613152,0,True
RANDOM,2,3,2_M0,1607068276.922015,1607068277.923694,0,True
RANDOM,2,3,2_M2,1607068276.994299,1607068277.995776,0,True
RANDOM,0,2,0_M0,1607068274.017879,1607068278.021105,0,True
RANDOM,3,2,3_M2,1607068277.1755,1607068278.17694,0,True
RANDOM,1,1,1_M1,1607068274.55848,1607068278.563078,0,True
RANDOM,1,2,1_M3,1607068274.664872,1607068278.669152,0,True
RANDOM,2,3,2_M1,1607068276.95179,1607068278.953097,0,True
RANDOM,3,1,3_M0,1607068277.075069,1607068279.077133,0,True
RANDOM,0,2,0_R0,1607068278.207792,1607068279.209321,0,True
RANDOM,1,2,1_R0,1607068278.753949,1607068279.755393,0,True
RANDOM,4,2,4_M0,1607068277.409773,1607068280.413321,0,True
RANDOM,3,1,3_M1,1607068277.128159,1607068281.132646,0,True
RANDOM,1,3,1_R1,1607068278.754089,1607068281.75765,0,True
RANDOM,2,2,2_R1,1607068279.015463,1607068282.017131,0,True
RANDOM,3,2,3_R0,1607068281.22837,1607068282.229527,0,True
RANDOM,2,3,2_R0,1607068279.014766,1607068283.017144,0,True
RANDOM,4,1,4_R1,1607068280.515074,1607068283.518555,0,True
RANDOM,4,1,4_R0,1607068280.514357,1607068284.518804,0,True
RANDOM,3,1,3_R1,1607068281.228873,1607068285.233121,0,True
RANDOM,0,2,0_M1,1607068553.967583,1607068554.969258,0,True
RANDOM,0,3,0_M0,1607068553.914461,1607068556.918193,0,True
RANDOM,0,1,0_M2,1607068554.020109,1607068557.023697,0,True
RANDOM,0,1,0_R1,1607068557.114654,1607068560.118236,0,True
RANDOM,2,3,2_M1,1607068559.728233,1607068560.729796,0,True
RANDOM,0,1,0_R0,1607068557.113892,1607068561.118425,0,True
RANDOM,3,3,3_M1,1607068560.445154,1607068561.446718,0,True
RANDOM,3,1,3_M3,1607068560.541026,1607068561.542569,0,True
RANDOM,2,2,2_M2,1607068559.782465,1607068561.785117,0,True
RANDOM,1,1,1_M0,1607068557.827788,1607068561.829126,0,True
RANDOM,3,2,3_M2,1607068560.497697,1607068562.500528,0,True
RANDOM,1,1,1_R1,1607068561.951255,1607068562.952893,0,True
RANDOM,2,3,2_M0,1607068559.675761,1607068563.680219,0,True
RANDOM,1,1,1_R0,1607068561.950534,1607068563.953034,0,True
RANDOM,4,2,4_M0,1607068561.321495,1607068564.32523,0,True
RANDOM,3,2,3_M0,1607068560.392369,1607068564.393095,0,True
RANDOM,2,2,2_R0,1607068563.739641,1607068565.742297,0,True
RANDOM,4,3,4_R1,1607068564.406881,1607068566.409201,0,True
RANDOM,3,3,3_R0,1607068564.407477,1607068566.40986,0,True
RANDOM,2,3,2_R1,1607068563.740117,1607068566.74366,0,True
RANDOM,4,1,4_R0,1607068564.406284,1607068567.409745,0,True
RANDOM,0,2,0_M0,1607068638.008932,1607068640.011679,0,True
RANDOM,1,1,1_M0,1607068638.412282,1607068640.414911,0,True
RANDOM,0,1,0_M1,1607068638.061436,1607068641.065036,0,True
RANDOM,3,3,3_M0,1607068639.68973,1607068641.692367,0,True
RANDOM,3,2,3_M2,1607068639.795235,1607068641.797094,0,True
RANDOM,3,3,3_M3,1607068639.848036,1607068641.849398,0,True
RANDOM,0,1,0_R0,1607068641.088457,1607068642.08999,0,True
RANDOM,1,2,1_M1,1607068638.465353,1607068642.47018,0,True
RANDOM,1,2,1_M2,1607068638.517968,1607068642.522667,0,True
RANDOM,2,2,2_M0,1607068638.611054,1607068642.613135,0,True
RANDOM,2,1,2_M1,1607068638.66451,1607068642.66645,0,True
RANDOM,4,2,4_M0,1607068640.948748,1607068642.949148,0,True
RANDOM,4,3,4_M1,1607068640.996598,1607068642.997184,0,True
RANDOM,1,3,1_R0,1607068642.646484,1607068643.647946,0,True
RANDOM,3,1,3_M1,1607068639.742056,1607068643.74533,0,True
RANDOM,4,1,4_M2,1607068641.049896,1607068644.053089,0,True
RANDOM,0,1,0_R1,1607068641.089073,1607068644.0907,0,True
RANDOM,2,1,2_R0,1607068642.797774,1607068644.800201,0,True
RANDOM,3,1,3_R0,1607068643.910034,1607068645.912561,0,True
RANDOM,4,3,4_R1,1607068644.147131,1607068647.15057,0,True
RANDOM,4,2,4_R0,1607068644.145851,1607068648.150677,0,True
RANDOM,0,3,0_M1,1607068768.732002,1607068769.733327,0,True
RANDOM,0,3,0_M2,1607068768.783964,1607068769.785145,0,True
RANDOM,0,1,0_M0,1607068768.679853,1607068770.681116,0,True
RANDOM,1,3,1_M0,1607068769.677333,1607068772.678857,0,True
RANDOM,0,1,0_R0,1607068770.729988,1607068772.73262,0,True
RANDOM,1,2,1_M1,1607068769.729632,1607068772.733121,0,True
RANDOM,2,2,2_M0,1607068771.839672,1607068772.841324,0,True
RANDOM,2,1,2_M1,1607068771.89296,1607068772.894591,0,True
RANDOM,2,3,2_M3,1607068771.993435,1607068772.994917,0,True
RANDOM,2,1,2_M2,1607068771.945772,1607068774.949185,0,True
RANDOM,1,3,1_R0,1607068773.038838,1607068775.041117,0,True
RANDOM,1,1,1_R1,1607068773.039953,1607068775.041365,0,True
RANDOM,3,3,3_M0,1607068774.947595,1607068775.949012,0,True
RANDOM,3,2,3_M2,1607068775.12801,1607068777.129111,0,True
RANDOM,4,2,4_M0,1607068775.160679,1607068777.163319,0,True
RANDOM,2,1,2_R0,1607068775.128533,1607068778.131877,0,True
RANDOM,3,3,3_M1,1607068775.084407,1607068779.085141,0,True
RANDOM,4,3,4_R0,1607068777.263061,1607068779.265517,0,True
RANDOM,3,2,3_R0,1607068779.14063,1607068781.143128,0,True
RANDOM,0,2,0_M0,1607068814.650304,1607068815.652008,0,True
RANDOM,0,1,0_M3,1607068814.76399,1607068817.767628,0,True
RANDOM,1,2,1_M0,1607068816.068578,1607068818.071139,0,True
RANDOM,0,2,0_M1,1607068814.687769,1607068818.692466,0,True
RANDOM,0,2,0_M2,1607068814.741989,1607068818.745304,0,True
RANDOM,2,1,2_M1,1607068816.945749,1607068818.94834,0,True
RANDOM,0,2,0_R0,1607068818.891922,1607068819.893153,0,True
RANDOM,1,3,1_M1,1607068816.121843,1607068820.126378,0,True
RANDOM,2,3,2_M0,1607068816.892386,1607068820.893139,0,True
RANDOM,3,3,3_M0,1607068818.134564,1607068821.138108,0,True
RANDOM,4,1,4_M0,1607068818.853261,1607068821.857082,0,True
RANDOM,3,1,3_R0,1607068821.191197,1607068822.192583,0,True
RANDOM,1,2,1_R0,1607068820.201527,1607068822.204111,0,True
RANDOM,2,2,2_R1,1607068820.955634,1607068822.958082,0,True
RANDOM,3,3,3_R1,1607068821.191397,1607068823.193881,0,True
RANDOM,4,1,4_R0,1607068821.874707,1607068823.877269,0,True
RANDOM,1,3,1_R1,1607068820.201877,1607068824.206322,0,True
RANDOM,2,2,2_R0,1607068820.954772,1607068824.959381,0,True
LL,0,1,0_M0,1607074221.992119,1607074226.997153,0,True
LL,0,1,0_M1,1607074222.043827,1607074227.049081,0,True
LL,1,1,1_M0,1607074222.995312,1607074227.997112,0,True
LL,1,2,1_M1,1607074223.047001,1607074228.04911,0,True
LL,2,1,2_M0,1607074224.009178,1607074229.0131,0,True
LL,2,2,2_M1,1607074224.060801,1607074229.066162,0,True
LL,3,1,3_M0,1607074225.018267,1607074230.021078,0,True
LL,3,2,3_M1,1607074225.070332,1607074230.073082,0,True
LL,4,3,4_M0,1607074226.029271,1607074231.033167,0,True
LL,4,1,4_M1,1607074226.081179,1607074231.085077,0,True
LL,5,1,5_M0,1607074227.074986,1607074232.079194,0,True
LL,5,2,5_M1,1607074227.220067,1607074232.225093,0,True
LL,0,1,0_R0,1607074227.251344,1607074232.253088,0,True
LL,6,1,6_M0,1607074228.057858,1607074233.061723,0,True
LL,6,3,6_M1,1607074228.120435,1607074233.125078,0,True
LL,1,2,1_R0,1607074228.158346,1607074233.161092,0,True
LL,2,1,2_R0,1607074229.15664,1607074234.161115,0,True
LL,3,2,3_R0,1607074230.161424,1607074235.165101,0,True
LL,4,1,4_R0,1607074231.231776,1607074236.237106,0,True
LL,5,1,5_R0,1607074232.288518,1607074237.294104,0,True
LL,6,1,6_R0,1607074233.214083,1607074238.217066,0,True
LL,0,1,0_M0,1607580737.29683,1607580739.299044,0,True
LL,0,1,0_M1,1607580737.348862,1607580739.350929,0,True
LL,1,1,1_M0,1607580738.297521,1607580740.298947,0,True
LL,1,2,1_M1,1607580738.31915,1607580740.321968,0,True
LL,2,1,2_M0,1607580739.287234,1607580741.288283,0,True
LL,2,2,2_M1,1607580739.366714,1607580741.369433,0,True
LL,0,1,0_R1,1607580739.506249,1607580741.506917,0,True
LL,0,1,0_R0,1607580739.50583,1607580741.508134,0,True
LL,0,1,0_R2,1607580739.50711,1607580741.510588,0,True
LL,3,2,3_M0,1607580740.304222,1607580742.306743,0,True
LL,3,1,3_M1,1607580740.394367,1607580742.396734,0,True
LL,1,3,1_R1,1607580740.539141,1607580742.541758,0,True
LL,1,1,1_R2,1607580740.539354,1607580742.541869,0,True
LL,1,2,1_R0,1607580740.539108,1607580742.54165,0,True
LL,4,2,4_M0,1607580741.304556,1607580743.307029,0,True
LL,4,1,4_M1,1607580741.43558,1607580743.438044,0,True
LL,2,2,2_R0,1607580741.510251,1607580743.511052,0,True
LL,2,3,2_R1,1607580741.511135,1607580743.514022,0,True
LL,2,1,2_R2,1607580741.512382,1607580743.514801,0,True
LL,5,1,5_M0,1607580742.324764,1607580744.327648,0,True
LL,5,1,5_M1,1607580742.392713,1607580744.394969,0,True
LL,3,1,3_R0,1607580742.493354,1607580744.494918,0,True
LL,3,1,3_R2,1607580742.494042,1607580744.494971,0,True
LL,3,2,3_R1,1607580742.493438,1607580744.49517,0,True
LL,6,2,6_M0,1607580743.310603,1607580745.314344,0,True
LL,6,2,6_M1,1607580743.409002,1607580745.410921,0,True
LL,4,1,4_R0,1607580743.503306,1607580745.506027,0,True
LL,4,3,4_R1,1607580743.50494,1607580745.50754,0,True
LL,4,1,4_R2,1607580743.505303,1607580745.507676,0,True
LL,5,1,5_R2,1607580744.52869,1607580746.53045,0,True
LL,5,1,5_R0,1607580744.52799,1607580746.530588,0,True
LL,5,1,5_R1,1607580744.528472,1607580746.530704,0,True
LL,6,2,6_R0,1607580745.496821,1607580747.499365,0,True
LL,6,2,6_R1,1607580745.497514,1607580747.499934,0,True
LL,6,2,6_R2,1607580745.4981,1607580747.500501,0,True
LL,0,1,0_M0,1607580815.635009,1607580816.636679,0,True
LL,0,1,0_M1,1607580815.68751,1607580816.689469,0,True
LL,1,1,1_M0,1607580816.64423,1607580817.645754,0,True
LL,1,1,1_M1,1607580816.687065,1607580817.688922,0,True
LL,0,1,0_R0,1607580816.781152,1607580817.782604,0,True
LL,2,2,2_M0,1607580817.638368,1607580818.639157,0,True
LL,2,1,2_M1,1607580817.732718,1607580818.734057,0,True
LL,1,1,1_R0,1607580817.886359,1607580818.887933,0,True
LL,3,1,3_M0,1607580818.653262,1607580819.654711,0,True
LL,3,2,3_M1,1607580818.765266,1607580819.766623,0,True
LL,2,1,2_R0,1607580818.833957,1607580819.834918,0,True
LL,4,1,4_M0,1607580819.654027,1607580820.654958,0,True
LL,4,1,4_M1,1607580819.738363,1607580820.739923,0,True
LL,3,2,3_R0,1607580819.853004,1607580820.854782,0,True
LL,5,1,5_M0,1607580820.656103,1607580821.657642,0,True
LL,5,1,5_M1,1607580820.775822,1607580821.777364,0,True
LL,4,1,4_R0,1607580820.829577,1607580821.83093,0,True
LL,6,2,6_M0,1607580821.664425,1607580822.665905,0,True
LL,6,1,6_M1,1607580821.779664,1607580822.781198,0,True
LL,5,1,5_R0,1607580821.833142,1607580822.83474,0,True
LL,6,1,6_R0,1607580822.877032,1607580823.878478,0,True
LL,0,1,0_M0,1607580856.704185,1607580860.707018,0,True
LL,0,1,0_M1,1607580856.756911,1607580860.758933,0,True
LL,0,1,0_M2,1607580856.810507,1607580860.815275,0,True
LL,1,2,1_M0,1607580857.725375,1607580861.726919,0,True
LL,1,1,1_M1,1607580857.768356,1607580861.771003,0,True
LL,1,2,1_M2,1607580857.820984,1607580861.822985,0,True
LL,2,1,2_M0,1607580858.731296,1607580862.734946,0,True
LL,2,2,2_M1,1607580858.783628,1607580862.787114,0,True
LL,2,3,2_M2,1607580858.836197,1607580862.838945,0,True
LL,3,1,3_M0,1607580859.737986,1607580863.742728,0,True
LL,3,2,3_M1,1607580859.791376,1607580863.79503,0,True
LL,3,3,3_M2,1607580859.843991,1607580863.848924,0,True
LL,4,1,4_M0,1607580860.789534,1607580864.79422,0,True
LL,4,1,4_M1,1607580860.869497,1607580864.874171,0,True
LL,4,2,4_M2,1607580860.943949,1607580864.946971,0,True
LL,0,1,0_R0,1607580861.127991,1607580865.132654,0,True
LL,0,1,0_R1,1607580861.128598,1607580865.133144,0,True
LL,5,3,5_M0,1607580861.753449,1607580865.758379,0,True
LL,5,2,5_M1,1607580861.801484,1607580865.80293,0,True
LL,1,1,1_R0,1607580861.829674,1607580865.830932,0,True
LL,1,2,1_R1,1607580861.830925,1607580865.834978,0,True
LL,5,1,5_M2,1607580862.854455,1607580866.858965,0,True
LL,2,3,2_R0,1607580862.935068,1607580866.938969,0,True
LL,6,2,6_M0,1607580862.935186,1607580866.939004,0,True
LL,6,1,6_M1,1607580863.936982,1607580867.938986,0,True
LL,2,2,2_R1,1607580863.937732,1607580867.942269,0,True
LL,6,3,6_M2,1607580863.937996,1607580867.942414,0,True
LL,3,1,3_R0,1607580864.939616,1607580868.944103,0,True
LL,3,1,3_R1,1607580864.940431,1607580868.944934,0,True
LL,4,2,4_R0,1607580865.037888,1607580869.038978,0,True
LL,4,1,4_R1,1607580866.039832,1607580870.044346,0,True
LL,5,1,5_R0,1607580866.912884,1607580870.917458,0,True
LL,5,1,5_R1,1607580866.913809,1607580870.918245,0,True
LL,6,2,6_R1,1607580868.217218,1607580872.219076,0,True
LL,6,2,6_R0,1607580868.216469,1607580872.220973,0,True
RR,0,1,0_M0,1607581023.629001,1607581027.633676,0,True
RR,0,2,0_M1,1607581023.681168,1607581027.685728,0,True
RR,0,3,0_M2,1607581023.728067,1607581027.731092,0,True
RR,1,1,1_M0,1607581024.633418,1607581028.637976,0,True
RR,1,2,1_M1,1607581024.685958,1607581028.686965,0,True
RR,1,3,1_M2,1607581024.737684,1607581028.738915,0,True
RR,2,1,2_M0,1607581025.636798,1607581029.639025,0,True
RR,2,2,2_M1,1607581025.68466,1607581029.686995,0,True
RR,2,3,2_M2,1607581025.721995,1607581029.723446,0,True
RR,3,1,3_M0,1607581026.636437,1607581030.641038,0,True
RR,3,2,3_M1,1607581026.688707,1607581030.691155,0,True
RR,3,1,3_M2,1607581026.741271,1607581030.74634,0,True
RR,4,2,4_M0,1607581027.644944,1607581031.649564,0,True
RR,4,1,4_M1,1607581027.748772,1607581031.753301,0,True
RR,4,1,4_M2,1607581027.791535,1607581031.795018,0,True
RR,0,2,0_R0,1607581027.969705,1607581031.970954,0,True
RR,0,3,0_R1,1607581027.969793,1607581031.971201,0,True
RR,5,1,5_M0,1607581028.644052,1607581032.648604,0,True
RR,5,1,5_M1,1607581028.751555,1607581032.755129,0,True
RR,5,2,5_M2,1607581028.867607,1607581032.87225,0,True
RR,1,3,1_R0,1607581028.969597,1607581032.974055,0,True
RR,6,1,6_M0,1607581029.6702,1607581033.670911,0,True
RR,1,1,1_R1,1607581029.670649,1607581033.675853,0,True
RR,6,2,6_M1,1607581029.72526,1607581033.729822,0,True
RR,6,3,6_M2,1607581029.831011,1607581033.835279,0,True
RR,2,2,2_R0,1607581030.74829,1607581034.752829,0,True
RR,2,1,2_R1,1607581030.775944,1607581034.779137,0,True
RR,3,2,3_R0,1607581031.693317,1607581035.697757,0,True
RR,3,1,3_R1,1607581031.797241,1607581035.801744,0,True
RR,4,1,4_R0,1607581031.84576,1607581035.849671,0,True
RR,4,2,4_R1,1607581032.004258,1607581036.0088,0,True
RR,5,3,5_R0,1607581032.936491,1607581036.941073,0,True
RR,5,1,5_R1,1607581032.937259,1607581036.941737,0,True
RR,6,3,6_R1,1607581034.12945,1607581038.130955,0,True
RR,6,2,6_R0,1607581034.129128,1607581038.133743,0,True
